{
    "total_runtime": 311.33082580566406,
    "num_documents": 3,
    "input_load_time": 0,
    "workflows": {
        "create_base_text_units": {
            "overall": 1.3423473834991455,
            "0_create_base_text_units": 1.3393597602844238
        },
        "create_base_entity_graph": {
            "overall": 165.58829045295715,
            "0_create_base_entity_graph": 165.58529591560364
        },
        "create_final_entities": {
            "overall": 0.1730506420135498,
            "0_create_final_entities": 0.16905784606933594
        },
        "create_final_nodes": {
            "overall": 0.9480752944946289,
            "0_create_final_nodes": 0.9430804252624512
        },
        "create_final_communities": {
            "overall": 0.3855147361755371,
            "0_create_final_communities": 0.379514217376709
        },
        "create_final_relationships": {
            "overall": 0.17074966430664062,
            "0_create_final_relationships": 0.16575193405151367
        },
        "create_final_text_units": {
            "overall": 0.04009270668029785,
            "0_create_final_text_units": 0.03509259223937988
        },
        "create_final_community_reports": {
            "overall": 125.8864848613739,
            "0_create_final_community_reports": 125.87948107719421
        },
        "create_final_documents": {
            "overall": 0.03313279151916504,
            "0_create_final_documents": 0.026137590408325195
        },
        "generate_text_embeddings": {
            "overall": 13.724725723266602,
            "0_generate_text_embeddings": 13.71670937538147
        }
    }
}